{"cameraMode":{"drawMode":0,"name":"Shaded","section":"Shading Mode"},"sceneLighting":false,"audioPlay":false,"sceneViewState":{"m_AlwaysRefresh":false,"showFog":true,"showSkybox":false,"showFlares":true,"showImageEffects":true,"showParticleSystems":true,"showVisualEffectGraphs":true,"m_FxEnabled":true},"in2DMode":false,"pivot":{"x":56.4830436706543,"y":18.708717346191408,"z":23.819499969482423},"rotation":{"x":0.3459358215332031,"y":-0.029560016468167306,"z":0.01087405625730753,"w":0.9377835988998413},"size":43.420623779296878,"orthographic":false}